Start,End,Sequence,Length,Color
5[63],2[49],GCGATGGCATAACTGTACCGAATATTCTCGTTAGGACCGAAC,42,#f6a444
3[175],4[168],GGCGGTAATGCCACGAGGGTG,21,#f6a444
0[34],4[35],AGTCGTTCTCCAACGTCAAAGCCAGTTT,28,#f6a444
0[118],4[119],TGATAAAGAGGTGCCGTAAAGATATGGC,28,#f6a444
5[105],2[91],TGGGGTCCTCATCGTGATCTCGTTCAAAGGCTAGCACAGCTG,42,#f6a444
3[35],1[55],AATATCACCATCGCTGGATTCTCCAGGTTATTCCT,35,#f6a444
3[77],1[97],TTCGCGCACGACTTAGATCGTGACTTGATCAATGA,35,#f6a444
0[55],4[56],CCAGGCTAACCGTCTATCAGGGAGATAG,28,#f6a444
3[154],4[147],CGAGGCGCCCACTTATCGAGT,21,#f6a444
3[119],1[139],GCTCCATTCTCTGGGACATTCAAGATGCTGAGCCA,35,#f6a444
3[56],1[76],CCAAGAGCTGACGTAAGTTCAGCAGGCTGGTTTCT,35,#f6a444
3[49],4[42],AGATGATGGTTGAGTGTTGTT,21,#f6a444
3[140],1[160],TTTGAGGTACAACAATGAAAGAAGTAATCGAGTCC,35,#f6a444
0[244],3[257],CATAGTAGGCAAGTGTAGCGGCTTAATGTGAAGTTGT????,41,#1cb6a2
5[126],2[112],CACTAAAGCGGATCAAATTGAGGACAAGCCATGCGGGAGATA,42,#f6a444
5[84],2[70],CATCACCGTGCAGATGGGAGAGAGCCAAGTGTCTCGAACACG,42,#f6a444
3[161],1[181],CTCACAATCCTTTGCATCCCTATGTCTGGAGTCTG,35,#f6a444
3[91],4[84],GTCTGGCTCGGCAAAATCCCT,21,#f6a444
3[0],1[34],??CACGGAATTCAGGGACTCGATCCACTATTGTGAAAGTAATCACCGAT,49,#57bb00
3[70],4[63],CTTGAGGCAAAAGAATAGCCC,21,#f6a444
3[224],1[244],GAGCTTCTGGAGGAACAGTGGTCAGGCTTCTTCAG,35,#f6a444
0[139],4[140],CCAGTCCTCGGAACCCTAAAGTTGGGCA,28,#f6a444
4[271],5[271],????CACCACACCCGCCGCGTCACGCTGCGCGTAAC????,40,#1cb6a2
5[147],2[133],GGAGCCCATTCAAGTTACCTCGGGCTTAGTTGCTTGGTATCG,42,#f6a444
5[210],2[196],AAGCGAAGTCAGGTGGTGACTGTTGGAGGGGAGAATGCATAC,42,#f6a444
5[42],3[34],GGCGAAAGGTTTCGACGACATCCAGTTCTCTCACCAGAAGGCCAGGGTC,49,#f6a444
5[11],0[5],?????AAAGAACGTGGACTGTTTCAGCACCCACTGC????,40,#57bb00
0[181],4[182],CTTTAGTAAAGCCGGCGAACGTGGAGAA,28,#f6a444
0[97],4[98],TGCATCCCAAATCAAGTTTTTCCCGAAA,28,#f6a444
3[133],4[126],TGATATCGATTGTCCATGTCG,21,#f6a444
5[231],2[217],GGGCGCTGGTGTCCATAGGTTGAGGTCCCAATTTGGGTTGAG,42,#f6a444
0[76],4[77],GTCCGTTCCCACTACGTGAACTATAAAT,28,#f6a444
2[257],2[238],????TTGGGCTGAACAGTGA,20,#1cb6a2
4[34],4[11],GGAACAAGAGTCCACTATT?????,24,#57bb00
0[264],1[264],????CTGCCTCTTGTGGAATCACGTAGGTGGCCAAC????,40,#1cb6a2
5[168],2[154],GACGGGGGAACTCCAGGCGAGGCGCTGCCTGGTCCCACGAGA,42,#f6a444
0[202],4[203],CCCTAGCAAAGGAAGGGAAGACCCTGGT,28,#f6a444
3[196],4[189],TGGTGCTAGGTCAGCACCTGT,21,#f6a444
3[203],1[223],GATAACCATACAGGCGGAGCTAAGTCGTCAGCGGT,35,#f6a444
0[223],4[224],TGTGGAAAGGAGCGGGCGCTAGCGTGGA,28,#f6a444
1[5],2[0],????AAAGCCTTCTCGGGAGCCTGTTGTCATCCAA??,37,#57bb00
0[160],4[161],ATTTCATCCGATTTAGAGCTTGAAGTGC,28,#f6a444
3[98],1[118],GGAGTTTGTGAGCAGTAGCTGTCTGTCTCCTCGTC,35,#f6a444
5[189],2[175],TGGCGAGCCAGTGGAACACTTGATCACGGCATTCCTTTACCA,42,#f6a444
3[217],4[210],TCTGGCTTCCCGTCGTAGAAG,21,#f6a444
3[112],4[105],CGCCGTCCCAGCAGTTGGTAC,21,#f6a444
3[238],4[231],GATGCCTCGCCGCTACAGGGC,21,#f6a444
3[182],1[202],AACTCTGCCGGTGTCTCAGGAGGCAGAGTCAGTCC,35,#f6a444
