Start	End	Sequence	Length	Color
0[167]	2[147]	CCACCGTGGTGCTGTTACGTCCATGCTGCATTCAG	35	#800000
0[187]	1[174]	????CCCACCGTGTTCACCAATCCGGA	27	#d79035
1[12]	2[12]	????TTACCTGGCTAATGCCGCATTAGA????	32	#4acc2a
1[35]	0[12]	TTATAACTTCCGGCGGGCTGTCATAACACTGTG????	37	#4acc2a
1[42]	7[55]	CGACCCCGCACTCCAAAATCCAGGGCGAGTTTTTTGGGGTCGCGTGGCGCACCACA	56	#800000
1[77]	4[63]	CCACTGCAAATCTTTACTGCCATATTCACAGTACGGCCGGATGAATAGCGAACGTG	56	#800000
1[84]	11[111]	CGGAGCCTTCATTGATGCCGTGCAGCTGCACTATCCCCTTTC	42	#800000
1[105]	4[105]	GTCAACCTCCCGGCGTACTCTGCCGGCT	28	#800000
1[126]	4[126]	GTACTGAAATCTTCGCGTTACAGCAGCT	28	#800000
2[41]	10[28]	ACGCCACTGAGGTATCAGAATCAGCGAT	28	#800000
2[167]	10[154]	GGCACAGAGAAAATTAACGCCCTGCCGC	28	#800000
2[174]	5[187]	CCGTCATAGCACCTGCGTGCTCCTGTCCGGCGGACGT????	41	#d79035
2[187]	1[187]	????CATCATCCTTTCTCTGAG????	26	#d79035
3[12]	4[12]	????TCTAAAAAAGGTGGGCGATGGCCC????	32	#4acc2a
3[49]	23[55]	CTTATAATAGTAACTGATGTCAAGACAAGCAGACAAGTCATGAAAGAGT	49	#800000
3[112]	23[118]	GTGCCACCTTGATGTTTGCGTTAACATCCAATCTGTCCATACACCGGCA	49	#800000
3[119]	12[105]	CACGGACATACACGGTGATGGTGCAGGACAGCCTCTCGTTGTCAGACGTGCTGTTG	56	#800000
3[133]	23[139]	GCGCCACGAGGAAGGCGCTCCGTGCGTCCCCTGAGACTTCCTGGACAAT	49	#800000
3[140]	12[126]	CTCTTCCCGTCCCCGGTTGTGCCGTACTATGCTGAGCGCGACTTGGCGTTGCAGCA	56	#800000
3[147]	5[160]	ACCATCAAGTCACACTTCCTGAGCTGAC	28	#800000
4[41]	8[28]	AAAACCGTCTATCAACCCCGACGCATCG	28	#800000
4[167]	8[154]	GAGTCAGTTGCATCGTTCAAGGAATTTT	28	#800000
4[187]	3[187]	????GCTGGCGGCCCGGCCGGG????	26	#d79035
5[12]	6[28]	????ACTACGTGAACCATCACCCGAAAGCG	30	#4acc2a
5[63]	20[70]	GTAAAGCACTAAATTTGACGGTGCGCCGCGCACTCTACAAAACGACGTC	49	#800000
5[77]	13[76]	CGGAACCAGTCCACTATTAAACCGAGATAGTTAATGCATCAATGAAGGTATGTAGA	56	#800000
5[84]	4[84]	CTAAAGGGACACTTTTTTCCGGATTTCTTCGTTTGGAACAAG	42	#800000
5[105]	7[118]	CTTCAGTGGCCTTTGTTTTTTATCTCGT	28	#800000
5[126]	7[139]	CCGCTTCTGCGCCGACCGGCACTCTGAC	28	#800000
6[160]	15[160]	CGTTTCTGGTGGAGGCCAACCAAGCGCG	28	#800000
6[183]	5[167]	????GTTGTGACGCTGCAGCATTGATGCAG	30	#d79035
7[8]	8[8]	????GGGCGCTGGGGGGTTGGA????	26	#4acc2a
7[21]	6[8]	CAAGTGTAAAGGAGCGGGCGCTA????	27	#4acc2a
7[28]	21[34]	AGCGGTCGTTTTGTTTATTATGAATGCAGAGTATC	35	#800000
7[91]	16[98]	TGCCTCTTTAATATTACATAAACATCAACGCGGAACGATATCATTTATT	49	#800000
7[98]	3[97]	TTTGAGGCGTTTCTGTCTGCCGTGCGATGGAAGCAATATCAAAGTGTTGTTCCAGC	56	#800000
8[62]	11[55]	GACCCGTATCAAAATAATCTGTATACCTAACGATGCTGAATTTATCTTA	49	#800000
8[90]	11[76]	TTTGGATCCGCGGCAGGGTTGCAACGACGGACGCTCCAGTCGAAGATAAAAACATT	56	#800000
8[97]	21[97]	GATGATTGCACTCCGTTCGGCATACAAAATGATTAAACCCTCCACTGGCTTAAACC	56	#800000
8[183]	7[183]	????CGTTTTTGCCGCTGGCGGCTGATT????	32	#d79035
9[8]	10[8]	????GGTCAATGGTCTGTAGTG????	26	#4acc2a
9[28]	22[28]	ATGCAGGATGTGCGGATCCGGCCCCCTA	28	#800000
9[42]	5[41]	CTGCATATATCGACGCGTAACAGAAAGGAAGGGAAAAATCAA	42	#800000
9[63]	4[49]	GGCATTCCGAACAACGCTTAAGGAAAGCCGGCGAAAGGTGCCGACTCCAACGTCAA	56	#800000
9[126]	4[112]	GGCAGAGCTGCACGTGGCGGCCTGGTGGCCGCCGCGCTGATGGATGCACTGGCATC	56	#800000
9[147]	4[133]	TGCTGTTCTGCCGCTGGCCGCGACGTTTTCGCCGCGAGGACGAGGGCCGCGACCTG	56	#800000
9[154]	22[154]	TCAGATGCCAGTTCTTGGCGTGGTTCCT	28	#800000
10[111]	6[91]	TGTCGCCCGCTGTTATGCGTTCCACCGCGAGGACTCTGCGGCTGCGGGC	49	#800000
10[183]	9[183]	????GCACGTATTGCCATTCGTCTCGGA????	32	#d79035
11[8]	8[21]	????TCAGATGATGACCGTAGCCAGAGGTTCAGGCTATTAC	41	#4acc2a
11[28]	12[12]	CTCAAACCAAAAAGATTGGGCGTTAT????	30	#4acc2a
11[154]	13[153]	CTTCTGCCCATTACCACCTTAGGTGCTG	28	#800000
12[41]	10[42]	GTCTGAGATCGGGTTGAGTATTCGCGTC	28	#800000
12[55]	17[55]	ATCAATGAGTTAGATCTCCATATCCCCAACGGTGGACTCGCTAATGGAATGGAGAG	56	#800000
12[76]	17[76]	GCAAGGAGTTTATAGGTGTTTTTATAAGCTCTCTGGCGGGGAACAGAGTTATCGAA	56	#800000
12[187]	13[174]	????GTGGGCTTTTCTGTTCAGTGCCG	27	#d79035
13[12]	14[12]	????CAATGTTGTGCAAGAAATGACTGA????	32	#4acc2a
13[84]	23[111]	ATAGATATAGAGACACTGTTCGACAACTGTATGCGCATGTGC	42	#800000
13[105]	19[118]	GTGTTCGTGCAATCAAAGCCCTACGGTATGATGGCCACGGGATGCCCCTTCCTGTT	56	#800000
13[126]	19[139]	TTTGTTCAGGTGACGTGTCGCGCGGCATACCTGCCGGAAAGGTAGGCTGGCACGAC	56	#800000
14[153]	17[160]	ATTCAGCTACCCGCTGAGTCACTCACCGGCCCCAA	35	#800000
14[167]	1[167]	GCTGCGGACCTGGCGCCGCTTCGGCTTC	28	#800000
14[174]	17[187]	CCCGAGCTGGTGGTGCCAGAAAAGAACATCTGCAACG????	41	#d79035
14[187]	13[187]	????TGGATCATTGACTGTCCA????	26	#d79035
15[12]	16[12]	????TACCGTGCAAAATTTATGGAGATG????	32	#4acc2a
15[35]	10[35]	CACGAGTTTCTGCATGAGTATGTCTTCA	28	#800000
15[56]	0[42]	ACTTGCCTCTAATGTGACGCTGAAAATGAATCCGTCCCCACAAAAAAGCCCACCGG	56	#800000
15[98]	0[84]	GCCGTGGGCGGCCACCGCCGCTTCGTGGGAAAACCTGCCGTCTTTCAGGACTCCTG	56	#800000
15[119]	0[105]	GCCGTCAGCGTCGACTGCCGCCTTCCCGTGACACTAGTTCTGTACCGGTTTTCCTG	56	#800000
15[140]	0[126]	GGTTGTTGTATTCAGTTCCGCCTCTGCGCCACATCTGGCTTTCAGCTGAATGGTGC	56	#800000
16[55]	35[55]	TATCTGAAAACGATACAGTTCGCGGTAAATGCTCCAAAAAATCTGGCAAACATGTC	56	#800000
16[118]	35[118]	CGCAAAATGCCAGCTCCCCAAGAGCACCCGCGGGAGAATGCCCAGAATATTGAGAA	56	#800000
16[139]	35[139]	CAGGCTGATTCTTCCAAACGAAACCGCTCGTCCTGACAATATAGACGTTCCTTTTT	56	#800000
16[167]	3[167]	TATCCCTGCAGACGCCTGGCAACGACGC	28	#800000
16[187]	15[187]	????GAATTTTTTAGCAAAATC????	26	#d79035
17[12]	18[28]	????ATAAATGCACTTCCGAGTCTCGAATT	30	#4acc2a
17[35]	3[41]	ACAGGAGACGGCGGACGCTGCATCATTAAATCGGC	35	#800000
18[55]	37[55]	ACATGCATTGCGGATGCCACTGGCGTCAAAACCATCAGGTCTACCAGCAGCGTTTG	56	#800000
18[76]	37[76]	GATGATACTTGACATATAACAATCAACAGCAAAGAGGACCGCATTCCAGATCCCAG	56	#800000
18[90]	6[77]	TGCTACGACCACTGGCGGAGACAATCCTCTACAGGGCGCGGCCCCCGATTTAGAGC	56	#800000
18[160]	27[160]	TACGCGACCCTTGAAATTGAGGTCACTG	28	#800000
18[183]	17[167]	????AGGAAGCACACCCGATGGAGGTATTC	30	#d79035
19[8]	20[8]	????ACCAAGCCGCCCACCTCC????	26	#4acc2a
19[28]	32[28]	GCGGTTTAGAGGTAATACATAGTCGCGA	28	#800000
20[132]	8[119]	CGATGTGCAATACAATTTGTCAAACGCCTCGGCGCCATTTTCGCTGAAGACCGGCA	56	#800000
20[153]	8[140]	TTTCGTCGGGTTTCCAGCAAGTTTTGGGCCGAATTGTTCAGTGCTTTCGCGTTGCC	56	#800000
20[160]	25[160]	CTGTTGTGAGCCCCAATTAAGTTTTTGA	28	#800000
20[183]	19[183]	????GTGCCGTAATCGGCCTCGCATATC????	32	#d79035
21[8]	22[8]	????GGTTAAGGATATAAGAAA????	26	#4acc2a
21[21]	18[8]	TGGAAGAGGATATTCCTGATGGAAGAACTGAAAGAAC????	41	#4acc2a
21[42]	18[35]	CGAATCAGTCGATGCGTGTAAGACGTAACCAATAT	35	#800000
21[63]	7[62]	CTTAAATCAAGAAGCGATGTATGGGCGCAGATAGCCCATTCATTTATTTCCCGCCG	56	#800000
21[70]	37[69]	CGACCAGCAATAAGGAATCAAGTCGTCGAAGTCTGCTCTGCACCGAGTCCTCATCG	56	#800000
21[77]	9[90]	TAACAGGTGGCCCCACAACGCACGCCAGCATATAGTATTCCAAGGAGAGTGAGAAC	56	#800000
22[76]	28[63]	TCAGAAAGACAGGCATTGAGTTATTTTCAGCAGAGGAGGGGTTAATCAGACAAACC	56	#800000
22[90]	10[77]	ATTTTTGAAGAGGATGAAGGTATACATTGCTGATACCGTTTATGTCGGTTTTGTAA	56	#800000
22[111]	19[97]	TGACTCCTGGGCATATCCGTAAATTCCAGCATCAGGACGTAGCCAGAACTGGGTGT	56	#800000
22[167]	11[183]	GTGTGCTTCCGGTCGTTTCATACGTTTTGCCGAATTTTTT????	44	#d79035
22[183]	21[183]	????AAGCAATACCCTTTCGTCGATTTG????	32	#d79035
23[8]	22[21]	????CAATGGATATTACTGCACCTTTA	27	#4acc2a
23[28]	24[12]	TACAGGGAGAATCAACAGTGATAATT????	30	#4acc2a
23[154]	25[153]	GCCCTGAGTGTGAACCAATACTGCAATG	28	#800000
24[41]	22[42]	GACAGCGACCCAAGGACGGGTAGCGCCG	28	#800000
24[55]	29[55]	AAACACAAGCCTCTCGCTACGACTTGAAGCAAGGCCGCGCAGTTATCAAGCAGCAG	56	#800000
24[118]	29[118]	AACCGGATGCTGGTTCATTCTTGTTCATTGCTAATCTGGTGGGATTCGTGTAAAAA	56	#800000
24[139]	29[139]	ATGGGCATGAGCACAAGCCTCTTCGGAGAGTCTGTAATAATATAATAGCACCATTT	56	#800000
24[167]	23[183]	TGTGTCCCTGTCCGTTTTCGATAAAT????	30	#d79035
24[187]	29[187]	????GCGTTAACGGTGATGGTTCCGCGTGCAATGAGTGGTAGAAGCATATGTATAGAACATAAG????	68	#d79035
25[12]	26[12]	????CCGTTACGTTACAGAAATTGCGGC????	32	#4acc2a
25[84]	35[111]	ACACTCATAAATCTCTAAATCTTTCTATAAGATGCGTGTTTC	42	#800000
26[34]	36[12]	CCACAAAATTCATGGCTCAGTGCACCTGCTGCCCAGCGATGACCTCT????	51	#4acc2a
26[41]	13[41]	GACATCATGTTCCAGGATTTATGTCTTG	28	#800000
26[62]	10[63]	CTGCCTGAGGTTGAAAGGCGATCACGAAAATGAGTCTGTTTCTTTACATCGCTTGT	56	#800000
26[97]	38[84]	CATACATGAGCAAAATGCATTCCGAGCATAGTATTCGCACTTTGCTGAAGACTCAC	56	#800000
26[125]	10[126]	GGAAGAACGCGGCCTTGCTGTGGTATTGAGCGTTTGTCCGCATCCTCAATACCGCA	56	#800000
26[146]	10[147]	ACAATATCAGACTGTGGATAACGCGGTTACCGCCTAGCTGAAGCTATATACTTTTG	56	#800000
26[153]	29[160]	TGAATTTGCAGTCTGCAGCGTTTACCCTGATGTTG	35	#800000
26[187]	25[187]	????CTCAATTACTTACCCGCA????	26	#d79035
27[12]	28[12]	????AATGCTCAATGGAGGAGATCAAGA????	32	#4acc2a
27[98]	12[84]	CCATAACTCTTCATACTTGTGAGCCAGAAAAAGCGGTTGCACTGCTGTGAAACGAC	56	#800000
28[97]	20[98]	ATAGGCAATAGCTGAATGGAACTCTCCGTGGATCTTTGACTGGCGACTTCCGGATG	56	#800000
28[118]	47[118]	TTATTCCCATTCAAATTAGGATTAAAAAACCGGACGTTCTGAGCAGCCTGAGTTAG	56	#800000
28[139]	37[139]	GCACGATGACAGAGTGTTGATATTGGTACCCGGTGTAGTAAT	42	#800000
28[167]	15[167]	TCAGAGCTTGTCCAAAACTGCTTAGTCA	28	#800000
28[187]	27[187]	????GTGTCTCTGAAACTGCAA????	26	#d79035
29[12]	30[28]	????CTTACGGCTGACGAATACCGTAGATG	30	#4acc2a
29[35]	20[35]	TGAAAATCAAAATCTTTCTTGGGTTCGG	28	#800000
29[63]	45[76]	ACCATGTTGGCTCACAACGAGGGAATATCTATGTGTCTGTACAGAACAACACTCGC	56	#800000
30[55]	50[49]	GAAATGAGCATTGCTAAGATCGATGGATCTCTGAAAGGAGCGGATCAAG	49	#800000
30[118]	49[118]	AATAAAGCTGGCATTATTAATCCCGGATAGCGGAGAGAGAGGGAGATTGCTCTGGT	56	#800000
30[139]	49[139]	AGCGCATCAACCGAAAATTTCGCCCTGAGAGCAATAAAACAAGAAGCGGTCTGCCT	56	#800000
30[160]	39[160]	TTAACCGGCCAACGCAAACCCGCGGGAG	28	#800000
30[183]	29[167]	????AAAGATTTGAAGTAATATTTAATTGC	30	#d79035
31[8]	32[8]	????GCAAAGCAATCATCCGGC????	26	#4acc2a
31[21]	30[8]	AACAGGCGATATCTTTATGTCGA????	27	#4acc2a
31[28]	44[28]	GTAAAAAGGAGTTTCAAGACCCTTCCGC	28	#800000
31[77]	19[90]	CAATGAAGGAAATTCTGTTGTTACCGGGGACTTGCAAGGCCACTTCAGGAGTGGTG	56	#800000
31[161]	21[167]	TGCTCAATTCAATCTCAGGAACCCTCGTCGTGTTA	35	#800000
32[69]	20[56]	GATTCTTTGCTCTCTTGGTGATTTATGCAATCATCATGTCGCGACTTTGCCTTGAA	56	#800000
32[132]	20[119]	GATTTATGGAAATAGGAGCGACAAAATGATATGCTTGAAGGACCTGAGAGTTTTCG	56	#800000
32[153]	20[140]	ACCTCCTATGTAAGCTAGATGAAGAGCACTATGAGTGGTGAACGCTGGCCCGTAAT	56	#800000
32[160]	37[160]	TGGTCTGATACGAGCGTATTGATAGTAA	28	#800000
32[183]	31[183]	????CGTTTTTATCGTATCTTCATACAG????	32	#d79035
33[8]	34[8]	????ACAGTATCAAGCCTTTAT????	26	#4acc2a
33[28]	46[28]	TTATGCGTCACTGCCACTGGTCTCCCTG	28	#800000
33[42]	30[35]	AAAGCATAATTGCACCCAACAAGTGGTCTGATATC	35	#800000
33[119]	21[132]	TGGCAACTTTAGTTATTATGCCGATAACCTCACGGCTGTACCGTAATGGCCTGTTG	56	#800000
33[140]	21[153]	AAACCTTTAATGTGAGTTAAATGAAAGAGAGTGACTGTGGCTTTAACTGTGAGCAT	56	#800000
34[111]	31[97]	AAACAATTATTTCTATGTTTTGGTCCTGAACAATCTGCTGATGATCCGGGCGTAAC	56	#800000
34[160]	37[153]	CTAGATAACACGGTCTTTAGCAAGATTTCAAAGGT	35	#800000
34[183]	33[183]	????ATGTGAATATTAAGTTTGCATTAT????	32	#d79035
35[8]	32[21]	????CACCTACTTGTCCGCTTGGCCGCAGGTATTACCGCTT	41	#4acc2a
35[77]	23[90]	CCGGCCTGGAGAAGTTTGGAATGCTCAGGCAGAAGGGCCAACGAATCGCAATCACT	56	#800000
36[55]	41[55]	CTGATCTGGAAGTCCAATCCCAGACTCCTCCAGGAATCGACTTCCACCAGACGCTG	56	#800000
36[118]	41[118]	TTGATTTCAACCTAGTGTAGTGTTATGATTGTATTGTATGTCCTGTAATAAGCAGG	56	#800000
36[139]	41[139]	ATTGCTGAAATGTGCAGTAAACTGACACGTCCACAATATTGTCAGTAGCGAGTAGC	56	#800000
36[167]	35[183]	ACTCCTGGTTATCGTTTTCTAACACG????	30	#d79035
36[187]	37[174]	????TGTAACCCATCGGAAATATGTTC	27	#d79035
37[12]	38[12]	????CAATCGAGAACGCCTGGAACTCGC????	32	#4acc2a
37[84]	47[111]	GCTACTGAGTGGGAGACACCGGCCGATGCAAAATACACGAAG	42	#800000
38[62]	22[63]	GTGATCATTCCTTCTGAGGAGCCTGGCCAGGACACTTGGATTAGGCAGATGGGAAG	56	#800000
38[69]	52[70]	GCTGGAAAGCCAGTGTCCAGACGTCACAGAGGTTACAGCTCCACATTGGTGGCTAA	56	#800000
38[153]	41[160]	CATTATGCTTCTCTTAAACAATCATGGTGTTATTC	35	#800000
38[167]	25[167]	GCGTACAGGCGCGTTCTGTGGCGGTGTT	28	#800000
38[174]	41[187]	GTTTAGCGAATAATTGTAGAATTTTTGAAGTTCGCAG????	41	#d79035
38[187]	37[187]	????GCACACAGGATGGATATT????	26	#d79035
39[12]	40[12]	????CGTCCGCTTCGGCGCCTGTTCCTG????	32	#4acc2a
39[35]	25[41]	TTGATCAAACTTCACGCACGAAAAGAGGGCTTGAT	35	#800000
39[77]	26[77]	CCTCTGTTTGAAGGGAACACAAGAGATTGGCACTTGATAAATCTGAGCGATTAAAG	56	#800000
39[84]	51[97]	TGCGCAGAGATTGAGTAATAAACGGGATTCCTCCCAGCAGAAAGCATGTGTGAGGC	56	#800000
39[98]	24[84]	ATCGTCATTTAGCGGATCGAATCACAGTAGATCCCGCGCACCAATACAGCTATACA	56	#800000
40[97]	32[98]	ATTGGTGGCCCAAGAACCACCCGGTTGAGCACATCAGGTGCGAAAGTGCCACTTAA	56	#800000
40[187]	39[187]	????AATCGTATGTAAAACGAT????	26	#d79035
41[12]	42[28]	????AGCACTAGGAATCCCAACCGAAGAAC	30	#4acc2a
41[35]	27[41]	CATTCATATAACGATTGCCATTCTACTCGACGAGG	35	#800000
42[55]	57[62]	CAACATGCTCGAAGTCCAGCAAGGACGCGACTGGCAAAGACACTTTCAG	49	#800000
42[118]	57[125]	CGGTTTGTTGCTGGTGCAGCAATCGTGGCTGGATTTTCGACTTGCGCGT	49	#800000
42[139]	57[146]	TTCCTTTAACATTTAAAGTCACAATCGACTGCCACAGCTATTTGAAGCA	49	#800000
42[160]	51[160]	GAAGAAAAATTTTGGCCTGAATCTGGGC	28	#800000
42[183]	40[161]	????TCTGCCCAATTCCAGAAACCCGATGCAATTAAA	37	#d79035
43[8]	44[8]	????CCAACAGGACAAGAGTCT????	26	#4acc2a
43[28]	56[28]	AAGAAGAAGGTGCTTGTACCATTGCACC	28	#800000
43[63]	27[62]	GCTGGAGTGGCCCTCACCATCCCAGCATTTGGAGAATATTGAGGCGGAGGCCAAGT	56	#800000
43[126]	27[125]	TTTTAACGGTGCTACTGCTGCGCCAGCGTAATATTTCTGGAGGTCAAATACTATTT	56	#800000
43[147]	27[146]	CGCCACATGATGGGTGATGGTATTTTTTTGAGTTGCAGATGTTGTGTTTCCAACAC	56	#800000
44[160]	58[154]	GGCAACTGAAGTATAGCCTGAATCATTATTGACAG	35	#800000
44[183]	43[183]	????AGAGTTGCCCATCGACAGTTTTCT????	32	#d79035
45[8]	46[8]	????CTGAAGGAATTCTGAGGT????	26	#4acc2a
45[21]	42[8]	TCTTATACCTCATCGGAGGATAGAAGACTAAGCTGCT????	41	#4acc2a
45[28]	58[28]	AGCTGCAGTGGCAATTGTTCCCACCTGG	28	#800000
45[35]	34[42]	AATCTCTACAGGTTTATCTTGTGAAGGTAGTCTCTCAGAAAGCCCTCCC	49	#800000
45[42]	42[35]	CTCGACCTCAGACTGGCCAAAAGAAACCCGATTTG	35	#800000
45[56]	33[69]	CGACGCATCTCCAACCCTTTCAGAGCAGTGGAGGAGTGGACCAGATTACGAGATCC	56	#800000
45[119]	33[132]	CTGATCAGGATAATATGCTCTATTTCTCTTTAACATTTACAAGTGACGTCTGAGCC	56	#800000
45[140]	33[153]	CTGGAAGAGCCACCGAATTATTCCCTGTAAGTCCTTTTATTAGTAAATACCATGTG	56	#800000
46[55]	52[42]	GATCAATGAACACAGGCCGACCAGCTGACGAATGGAGAGATCTGTTTCGGATCCTC	56	#800000
46[76]	52[63]	CATTATCATCCCTGCATCTGCCGCTGCCCGTGGTGTGCCTTCTGGCGCAGAAGGTC	56	#800000
46[111]	43[97]	CCCCCCGCCCTCAGTATAAATCGAATGTTTTTGAACAGTAAACGTCTCTGAGCAAT	56	#800000
46[139]	52[126]	ACCGCCTGAAAATGGCGGCAATTACTGAATCATCGGCGGAACCGTCAGGGGACGCT	56	#800000
46[160]	49[153]	CAGTCAGGATGTTGAGAGAACTGAAGCTGCTGTTA	35	#800000
46[183]	45[183]	????GCACATCAAAGCAGCAGTGCAGAT????	32	#d79035
47[8]	46[21]	????TGTTTCAAAGGGCACTGCCGCCT	27	#4acc2a
47[28]	48[12]	CCAGAATCCTGCATTTCGTCAGAGGT????	30	#4acc2a
48[41]	46[42]	TGTTCGCAAGCAGGATTCTGAAATATGT	28	#800000
48[118]	52[105]	ATGCGTCAGCGTGAATCTCCGATGTATGATGATTGGATTAAG	42	#800000
48[167]	47[183]	AAATGCCCCGCTGGTCGTCGTCGGTT????	30	#d79035
48[187]	49[174]	????AAGCCCAGCGCGACAAAACGCCA	27	#d79035
49[12]	50[12]	????ATGCATCCAGAACCTTGAAGATCG????	32	#4acc2a
49[49]	56[63]	GATACCTTCAAGATCTAAGAAAGATAACACTCACCCCTCCAGGCTCTGGGCGCAAG	56	#800000
49[77]	36[77]	ACATGTTACGAATAATCAGCTCCCTGCACTAAAGATGTACTTCTCACAGAAGATTT	56	#800000
49[84]	59[111]	GCGCAAAGCCGAACACGCCATTGGCCTGGTTTCACGCCGCAT	42	#800000
50[76]	58[77]	GACCAGTGTCGGAGCTATCCTGCGCACATGCTCTGTTCTCTCCTCAAACTTTACAC	56	#800000
50[104]	36[84]	AGCAGAGTATTTCAACTGGCAAAGATTTTCATAGGACGTTTGACCTGAG	49	#800000
50[153]	53[160]	TTGCAAAAGCAATAAGACTTCCAGGCGCCGGACGC	35	#800000
50[167]	37[167]	GGCTGACATTAATGAGTCTGTTATCTTT	28	#800000
50[174]	53[187]	AGCATAACCGGGCGCCGCAAGTTCTTTCCCGTTGGTG????	41	#d79035
50[187]	49[187]	????GTCAGTTCGTTACCTACA????	26	#d79035
51[12]	52[12]	????CTCTGCCTTCCCCAGGCCAGATAG????	32	#4acc2a
51[70]	57[90]	CCTACTAAAGGAATTTGACAGCCGAAGTGCACCAC	35	#800000
52[97]	44[98]	GCCAGGAATTTCCTTCAATCTCAATTACTCCGATCGAGCGTGCCATTTAGCCTAAA	56	#800000
52[167]	39[167]	CAGCTTGGCTGCATATCGATGTGTCCGG	28	#800000
52[187]	51[187]	????GGATGCCTACTGGTTATG????	26	#d79035
53[12]	54[28]	????ATTGCAGTCAGCTATGGCCAGCCGAT	30	#4acc2a
53[35]	44[35]	CTCTTTGGTCGTGCTCCAACTAAAGCAT	28	#800000
53[42]	50[56]	CCTGCAAGACCTTGTCTGATCCCACCAGGTTGCAAGAATGGTCGCTTTGATGGATC	56	#800000
53[63]	54[77]	AGGAAGTCTCTCCAGACACTCGGGCCAAGCTGACTTGGCTCCAGGCTGTACAAGGA	56	#800000
53[77]	40[77]	CTCCCACAGCATCTCTACTTCTCAGGCCCAGGACTGAGAGGCATTTCACGCCCACG	56	#800000
53[105]	50[119]	ACCCTCGCAAACTTCATTGTACTTCGGTCTGCCTGCAGCATTTGATATCGGTCAGA	56	#800000
53[126]	50[140]	TAAACCCAAAACTCCAGAAATTGCACGCTCATCACCGTGAGCCCGTTGCATTCAAA	56	#800000
54[132]	38[119]	CATGGTTATGACGTGTCACGCGTGGCATGTTTCTGCGCTTCCTAACTATGGAAGAA	56	#800000
54[153]	38[140]	GCAGGCTAGATCCCAAATCAATCTCCGATCTGCGCTTATTGTCGGGGAACCAACGC	56	#800000
54[160]	51[167]	TATTACTGATCTCATCTCAGGGAAGTCCTTCACTG	35	#800000
54[183]	53[167]	????TCCGCATCCTGGGCCGCTCTACCAGC	30	#d79035
55[8]	56[8]	????AGGAGCTCGCTCCTGGCT????	26	#4acc2a
55[28]	50[35]	CGAAAGATCAGGAGGAAGAACGACTCTGCTGGGCT	35	#800000
55[63]	39[62]	TGGGCCAGAAATCGAGCCCATGGTTTGAAGCTTGTAATCTCTATCGAGTGGCGTGG	56	#800000
55[91]	51[104]	AGAAGACGATAAGCTGTCATTTTTACCT	28	#800000
56[90]	44[77]	TTATCCAAATGCTCCAACAACGATCAGGTGAGTCTGCTTCGAAAGCAACATCCTGG	56	#800000
56[97]	48[84]	GAGAAGAGGAGGCCGCATCGACTGGAGACGCGATTTGTTGCTGCGCTACATGGTGT	56	#800000
56[160]	49[167]	ATCTTTCAACTCTAGCGTCATAATATCACCGTGAT	35	#800000
56[183]	55[183]	????TCAGCGCAACAATGATTTCCCAAC????	32	#d79035
57[8]	58[8]	????GCCTGTCTTAAGAATCTC????	26	#4acc2a
57[21]	54[8]	GGAGAAGTGGTTGTCCAACGCCCCTCCCAGGAACTCC????	41	#4acc2a
57[28]	49[41]	GAACTGAACACCTTGAATCACAGGAGAA	28	#800000
57[42]	54[35]	GCAACCCTGTGTTTAATGTTAATTATTTCTCCAGG	35	#800000
58[62]	44[63]	TCAAGCCTCACTGGTGTTCAAGAACAGAGGATTCATCTGACCTATCTGCGGACCTG	56	#800000
58[111]	54[91]	TGGTCTGTAACTATACAGGGCCATCCTTGGCGGAGAGCTATTTACTGAG	49	#800000
58[118]	55[132]	TTGTCCAGCCAAGAGAGGCGCAACTACACGTGCAACCTGCAGAAAGCTGCCAACAT	56	#800000
58[125]	44[126]	TGGGAGTTATCTGCCATGCAGCTGATGCTAAAGCTCCGGCGTCTATGCAACACACG	56	#800000
58[139]	55[153]	CCAAGGATTCCTCAAGGTTGGACCAAATGCTCTTTATTCTTCCCTACAGAGCGCAT	56	#800000
58[146]	44[147]	GATGGTGGTCATGGGGCGAACATGCTCTGCGTGATTGCGTGAGAACCCACATGCAA	56	#800000
58[183]	57[183]	????AGGGCCGGTTACTGACGTGTTCAA????	32	#d79035
59[8]	58[21]	????ATGCGCACATATGAATACTCAAG	27	#4acc2a
59[28]	58[42]	CTTGGACACCTGAACAAATCTCACTTAT	28	#800000
59[154]	59[183]	TCTACGAGTTCTCTCTCTCCGACCTG????	30	#d79035
